글번호,등록일자,등록시간,등록자이름,이메일,비밀번호,글내용,,
1,2021-05-31,10:10:55,갈한수,Kor001@naver.com,1234,이 헌법공포 당시의 국회의원의 임기는 제1항에 의한 국회의 최초의 집회일 전일까지로 한다. 형사피의자 또는 형사피고인으로서 구금되었던 자가 법률이 정하는 불기소처분을 받거나 무죄판결을 받은 때에는 법률이 정하는 바에 의하여 국가에 정당한 보상을 청구할 수 있다. 국가는 농수산물의 수급균형과 유통구조의 개선에 노력하여 가격안정을 도모함으로써 농·어민의 이익을 보호한다.,,
2,2021-05-10,10:10:07,강이찬,Kor002@naver.com,1234,"국회의원과 정부는 법률안을 제출할 수 있다. 한 회계연도를 넘어 계속하여 지출할 필요가 있을 때에는 정부는 연한을 정하여 계속비로서 국회의 의결을 얻어야 한다. 재의의 요구가 있을 때에는 국회는 재의에 붙이고, 재적의원과반수의 출석과 출석의원 3분의 2 이상의 찬성으로 전과 같은 의결을 하면 그 법률안은 법률로서 확정된다.",,
3,2021-05-24,10:10:16,개원훈,Kor003@naver.com,1234,이 헌법시행 당시의 대법원장과 대법원판사가 아닌 법관은 제1항 단서의 규정에 불구하고 이 헌법에 의하여 임명된 것으로 본다. 대통령은 헌법과 법률이 정하는 바에 의하여 국군을 통수한다. 제3항의 승인을 얻지 못한 때에는 그 처분 또는 명령은 그때부터 효력을 상실한다. 이 경우 그 명령에 의하여 개정 또는 폐지되었던 법률은 그 명령이 승인을 얻지 못한 때부터 당연히 효력을 회복한다.,,
4,2021-05-18,10:10:10,경시현,Kor004@naver.com,1234,"국가는 여자의 복지와 권익의 향상을 위하여 노력하여야 한다. 국가는 농·어민과 중소기업의 자조조직을 육성하여야 하며, 그 자율적 활동과 발전을 보장한다. 모든 국민은 법률이 정하는 바에 의하여 납세의 의무를 진다. 국회는 헌법개정안이 공고된 날로부터 60일 이내에 의결하여야 하며, 국회의 의결은 재적의원 3분의 2 이상의 찬성을 얻어야 한다.",,
5,2021-05-21,10:10:45,공동영,Kor005@naver.com,1234,대한민국은 민주공화국이다. 농업생산성의 제고와 농지의 합리적인 이용을 위하거나 불가피한 사정으로 발생하는 농지의 임대차와 위탁경영은 법률이 정하는 바에 의하여 인정된다. 나는 헌법을 준수하고 국가를 보위하며 조국의 평화적 통일과 국민의 자유와 복리의 증진 및 민족문화의 창달에 노력하여 대통령으로서의 직책을 성실히 수행할 것을 국민 앞에 엄숙히 선서합니다.,,
6,2021-05-25,10:10:34,기대연,Kor006@naver.com,1234,"헌법개정은 국회재적의원 과반수 또는 대통령의 발의로 제안된다. 모든 국민은 근로의 권리를 가진다. 국가는 사회적·경제적 방법으로 근로자의 고용의 증진과 적정임금의 보장에 노력하여야 하며, 법률이 정하는 바에 의하여 최저임금제를 시행하여야 한다. 여자의 근로는 특별한 보호를 받으며, 고용·임금 및 근로조건에 있어서 부당한 차별을 받지 아니한다.",,
7,2021-05-17,10:10:14,기원호,Kor007@naver.com,1234,"대법원에 대법관을 둔다. 다만, 법률이 정하는 바에 의하여 대법관이 아닌 법관을 둘 수 있다. 모든 국민은 법률이 정하는 바에 의하여 공무담임권을 가진다. 대통령이 궐위된 때 또는 대통령 당선자가 사망하거나 판결 기타의 사유로 그 자격을 상실한 때에는 60일 이내에 후임자를 선거한다. 제안된 헌법개정안은 대통령이 20일 이상의 기간 이를 공고하여야 한다.",,
8,2021-05-21,10:10:12,기은성,Kor008@naver.com,1234,"국정의 중요한 사항에 관한 대통령의 자문에 응하기 위하여 국가원로로 구성되는 국가원로자문회의를 둘 수 있다. 제2항과 제3항의 처분에 대하여는 법원에 제소할 수 없다. 국회의원의 선거구와 비례대표제 기타 선거에 관한 사항은 법률로 정한다. 국방상 또는 국민경제상 긴절한 필요로 인하여 법률이 정하는 경우를 제외하고는, 사영기업을 국유 또는 공유로 이전하거나 그 경영을 통제 또는 관리할 수 없다.",,
9,2021-05-13,10:10:54,나한율,Kor009@naver.com,1234,"선거에 있어서 최고득표자가 2인 이상인 때에는 국회의 재적의원 과반수가 출석한 공개회의에서 다수표를 얻은 자를 당선자로 한다. 대통령은 국가의 원수이며, 외국에 대하여 국가를 대표한다. 국가는 재해를 예방하고 그 위험으로부터 국민을 보호하기 위하여 노력하여야 한다. 국회는 헌법 또는 법률에 특별한 규정이 없는 한 재적의원 과반수의 출석과 출석의원 과반수의 찬성으로 의결한다. 가부동수인 때에는 부결된 것으로 본다.",,
10,2021-05-14,10:10:54,남동예,Kor010@naver.com,1234,"국회는 상호원조 또는 안전보장에 관한 조약, 중요한 국제조직에 관한 조약, 우호통상항해조약, 주권의 제약에 관한 조약, 강화조약, 국가나 국민에게 중대한 재정적 부담을 지우는 조약 또는 입법사항에 관한 조약의 체결·비준에 대한 동의권을 가진다. 국무총리는 대통령을 보좌하며, 행정에 관하여 대통령의 명을 받아 행정각부를 통할한다.",,
11,2021-05-06,10:10:17,낭시우,Kor011@naver.com,1234,모든 국민은 직업선택의 자유를 가진다. 전직대통령의 신분과 예우에 관하여는 법률로 정한다. 국회의원은 국가이익을 우선하여 양심에 따라 직무를 행한다. 모든 국민은 신속한 재판을 받을 권리를 가진다. 형사피고인은 상당한 이유가 없는 한 지체없이 공개재판을 받을 권리를 가진다. 타인의 범죄행위로 인하여 생명·신체에 대한 피해를 받은 국민은 법률이 정하는 바에 의하여 국가로부터 구조를 받을 수 있다.,,
12,2021-05-14,10:10:38,내세원,Kor012@naver.com,1234,선거와 국민투표의 공정한 관리 및 정당에 관한 사무를 처리하기 위하여 선거관리위원회를 둔다. 모든 국민은 양심의 자유를 가진다. 선거에 관한 경비는 법률이 정하는 경우를 제외하고는 정당 또는 후보자에게 부담시킬 수 없다. 헌법재판소 재판관은 정당에 가입하거나 정치에 관여할 수 없다. 모든 국민은 능력에 따라 균등하게 교육을 받을 권리를 가진다.,,
13,2021-05-25,10:10:41,뇌성수,Kor013@naver.com,1234,모든 국민은 종교의 자유를 가진다. 국무총리·국무위원 또는 정부위원은 국회나 그 위원회에 출석하여 국정처리상황을 보고하거나 의견을 진술하고 질문에 응답할 수 있다. 공무원의 직무상 불법행위로 손해를 받은 국민은 법률이 정하는 바에 의하여 국가 또는 공공단체에 정당한 배상을 청구할 수 있다. 이 경우 공무원 자신의 책임은 면제되지 아니한다.,,
14,2021-05-16,10:10:42,단수혁,Kor014@naver.com,1234,"국가는 모성의 보호를 위하여 노력하여야 한다. 모든 국민은 근로의 권리를 가진다. 국가는 사회적·경제적 방법으로 근로자의 고용의 증진과 적정임금의 보장에 노력하여야 하며, 법률이 정하는 바에 의하여 최저임금제를 시행하여야 한다. 체포·구속·압수 또는 수색을 할 때에는 적법한 절차에 따라 검사의 신청에 의하여 법관이 발부한 영장을 제시하여야 한다. 다만, 현행범인인 경우와 장기 3년 이상의 형에 해당하는 죄를 범하고 도피 또는 증거인멸의 염려가 있을 때에는 사후에 영장을 청구할 수 있다.",,
15,2021-05-02,10:10:29,담성민,Kor015@naver.com,1234,"탄핵결정은 공직으로부터 파면함에 그친다. 그러나, 이에 의하여 민사상이나 형사상의 책임이 면제되지는 아니한다. 나는 헌법을 준수하고 국가를 보위하며 조국의 평화적 통일과 국민의 자유와 복리의 증진 및 민족문화의 창달에 노력하여 대통령으로서의 직책을 성실히 수행할 것을 국민 앞에 엄숙히 선서합니다.",,
16,2021-05-03,10:10:09,담원준,Kor016@naver.com,1234,"대통령은 헌법과 법률이 정하는 바에 의하여 공무원을 임면한다. 국회는 헌법개정안이 공고된 날로부터 60일 이내에 의결하여야 하며, 국회의 의결은 재적의원 3분의 2 이상의 찬성을 얻어야 한다. 감사원은 원장을 포함한 5인 이상 11인 이하의 감사위원으로 구성한다. 국회의원은 현행범인인 경우를 제외하고는 회기중 국회의 동의없이 체포 또는 구금되지 아니한다.",,
17,2021-05-12,10:10:21,담장호,Kor017@naver.com,1234,"대법원에 대법관을 둔다. 다만, 법률이 정하는 바에 의하여 대법관이 아닌 법관을 둘 수 있다. 국가안전보장에 관련되는 대외정책·군사정책과 국내정책의 수립에 관하여 국무회의의 심의에 앞서 대통령의 자문에 응하기 위하여 국가안전보장회의를 둔다. 국정감사 및 조사에 관한 절차 기타 필요한 사항은 법률로 정한다.",,
18,2021-05-26,10:10:17,독고예준,Kor018@naver.com,1234,"재의의 요구가 있을 때에는 국회는 재의에 붙이고, 재적의원과반수의 출석과 출석의원 3분의 2 이상의 찬성으로 전과 같은 의결을 하면 그 법률안은 법률로서 확정된다. 공무원의 신분과 정치적 중립성은 법률이 정하는 바에 의하여 보장된다. 명령·규칙 또는 처분이 헌법이나 법률에 위반되는 여부가 재판의 전제가 된 경우에는 대법원은 이를 최종적으로 심사할 권한을 가진다.",,
19,2021-05-06,10:10:35,돈송혁,Kor019@naver.com,1234,행정각부의 설치·조직과 직무범위는 법률로 정한다. 모든 국민은 소급입법에 의하여 참정권의 제한을 받거나 재산권을 박탈당하지 아니한다. 제3항의 승인을 얻지 못한 때에는 그 처분 또는 명령은 그때부터 효력을 상실한다. 이 경우 그 명령에 의하여 개정 또는 폐지되었던 법률은 그 명령이 승인을 얻지 못한 때부터 당연히 효력을 회복한다.,,
20,2021-05-06,10:10:16,돈재현,Kor020@naver.com,1234,"대법원은 법률에 저촉되지 아니하는 범위안에서 소송에 관한 절차, 법원의 내부규율과 사무처리에 관한 규칙을 제정할 수 있다. 모든 국민은 행위시의 법률에 의하여 범죄를 구성하지 아니하는 행위로 소추되지 아니하며, 동일한 범죄에 대하여 거듭 처벌받지 아니한다. 의원을 제명하려면 국회재적의원 3분의 2 이상의 찬성이 있어야 한다.",,
21,2021-05-19,10:10:55,두동환,Kor021@naver.com,1234,"각급 선거관리위원회의 조직·직무범위 기타 필요한 사항은 법률로 정한다. 국무총리는 국회의 동의를 얻어 대통령이 임명한다. 국가는 대외무역을 육성하며, 이를 규제·조정할 수 있다. 국가는 균형있는 국민경제의 성장 및 안정과 적정한 소득의 분배를 유지하고, 시장의 지배와 경제력의 남용을 방지하며, 경제주체간의 조화를 통한 경제의 민주화를 위하여 경제에 관한 규제와 조정을 할 수 있다.",,
22,2021-05-23,10:10:52,두채훈,Kor022@naver.com,1234,"비상계엄하의 군사재판은 군인·군무원의 범죄나 군사에 관한 간첩죄의 경우와 초병·초소·유독음식물공급·포로에 관한 죄중 법률이 정한 경우에 한하여 단심으로 할 수 있다. 다만, 사형을 선고한 경우에는 그러하지 아니하다. 국회는 헌법 또는 법률에 특별한 규정이 없는 한 재적의원 과반수의 출석과 출석의원 과반수의 찬성으로 의결한다. 가부동수인 때에는 부결된 것으로 본다.",,
23,2021-05-08,10:10:35,명윤일,Kor023@naver.com,1234,"국가는 과학기술의 혁신과 정보 및 인력의 개발을 통하여 국민경제의 발전에 노력하여야 한다. 국무위원은 국정에 관하여 대통령을 보좌하며, 국무회의의 구성원으로서 국정을 심의한다. 대통령은 취임에 즈음하여 다음의 선서를 한다. 헌법재판소 재판관은 정당에 가입하거나 정치에 관여할 수 없다. 모든 국민은 소급입법에 의하여 참정권의 제한을 받거나 재산권을 박탈당하지 아니한다.",,
24,2021-05-24,10:10:13,모재원,Kor024@naver.com,1234,농업생산성의 제고와 농지의 합리적인 이용을 위하거나 불가피한 사정으로 발생하는 농지의 임대차와 위탁경영은 법률이 정하는 바에 의하여 인정된다. 대통령이 궐위된 때 또는 대통령 당선자가 사망하거나 판결 기타의 사유로 그 자격을 상실한 때에는 60일 이내에 후임자를 선거한다. 국가는 평생교육을 진흥하여야 한다.,,
25,2021-05-18,10:10:34,문은진,Kor025@naver.com,1234,"대통령이 궐위되거나 사고로 인하여 직무를 수행할 수 없을 때에는 국무총리, 법률이 정한 국무위원의 순서로 그 권한을 대행한다. 대통령은 필요하다고 인정할 때에는 외교·국방·통일 기타 국가안위에 관한 중요정책을 국민투표에 붙일 수 있다. 헌법재판소는 법률에 저촉되지 아니하는 범위안에서 심판에 관한 절차, 내부규율과 사무처리에 관한 규칙을 제정할 수 있다.",,
26,2021-05-05,10:10:16,박수혁,Kor026@naver.com,1234,대통령은 제1항과 제2항의 처분 또는 명령을 한 때에는 지체없이 국회에 보고하여 그 승인을 얻어야 한다. 누구든지 체포 또는 구속의 이유와 변호인의 조력을 받을 권리가 있음을 고지받지 아니하고는 체포 또는 구속을 당하지 아니한다. 체포 또는 구속을 당한 자의 가족등 법률이 정하는 자에게는 그 이유와 일시·장소가 지체없이 통지되어야 한다.,,
27,2021-05-24,10:10:50,방윤후,Kor027@naver.com,1234,"모든 국민은 양심의 자유를 가진다. 국가는 청원에 대하여 심사할 의무를 진다. 헌법재판소의 조직과 운영 기타 필요한 사항은 법률로 정한다. 국가는 여자의 복지와 권익의 향상을 위하여 노력하여야 한다. 누구든지 체포 또는 구속을 당한 때에는 즉시 변호인의 조력을 받을 권리를 가진다. 다만, 형사피고인이 스스로 변호인을 구할 수 없을 때에는 법률이 정하는 바에 의하여 국가가 변호인을 붙인다.",,
28,2021-05-21,10:10:10,방채호,Kor028@naver.com,1234,"법률안에 이의가 있을 때에는 대통령은 제1항의 기간내에 이의서를 붙여 국회로 환부하고, 그 재의를 요구할 수 있다. 국회의 폐회중에도 또한 같다. 국회는 헌법개정안이 공고된 날로부터 60일 이내에 의결하여야 하며, 국회의 의결은 재적의원 3분의 2 이상의 찬성을 얻어야 한다. 국회가 재적의원 과반수의 찬성으로 계엄의 해제를 요구한 때에는 대통령은 이를 해제하여야 한다.",,
29,2021-05-26,10:10:14,배세준,Kor029@naver.com,1234,대통령이 임시회의 집회를 요구할 때에는 기간과 집회요구의 이유를 명시하여야 한다. 대법원과 각급법원의 조직은 법률로 정한다. 이 헌법에 의한 최초의 대통령의 임기는 이 헌법시행일로부터 개시한다. 국가는 농업 및 어업을 보호·육성하기 위하여 농·어촌종합개발과 그 지원등 필요한 계획을 수립·시행하여야 한다.,,
30,2021-05-10,10:10:09,배채호,Kor030@naver.com,1234,"여자의 근로는 특별한 보호를 받으며, 고용·임금 및 근로조건에 있어서 부당한 차별을 받지 아니한다. 감사원은 세입·세출의 결산을 매년 검사하여 대통령과 차년도국회에 그 결과를 보고하여야 한다. 모든 국민은 법률이 정하는 바에 의하여 공무담임권을 가진다. 법원은 최고법원인 대법원과 각급법원으로 조직된다.",,
,,,,,,,,
,,,,,,,,
,,,,,,,,
,,,,,,,,
,,,,,,,,
,,,,,,,,
,,,,,,,,
,,,,,,,,
,,,,,,,,
,,,,,,,,
,,,,,,,,
,,,,,,,,
,,,,,,,,
,,,,,,,,
,,,,,,,,
,,,,,,,,
,,,,,,,,
,,,,,,,,
,,,,,,,,
,,,,,,,,
,,,,,,,,
,,,,,,,,
,,,,,,,,
,,,,,,,,
,,,,,,,,
,,,,,,,,
,,,,,,,,
,,,,,,,,
,,,,,,,,
,,,,,,,,
,,,,,,,,
,,,,,,,,
,,,,,,,,
,,,,,,,,
,,,,,,,,
,,,,,,,,
,,,,,,,,
,,,,,,,,
,,,,,,,,
,,,,,,,,
,,,,,,,,
,,,,,,,,
,,,,,,,,
,,,,,,,,
,,,,,,,,
,,,,,,,,
,,,,,,,,
,,,,,,,,
,,,,,,,,
,,,,,,,,
,,,,,,,,
,,,,,,,,
,,,,,,,,
,,,,,,,,
,,,,,,,,
,,,,,,,,
,,,,,,,,
,,,,,,,,
,,,,,,,,
,,,,,,,,
,,,,,,,,
,,,,,,,,
,,,,,,,,
,,,,,,,,
,,,,,,,,
,,,,,,,,
,,,,,,,,
,,,,,,,,
,,,,,,,,
,,,,,,,,
